use accesses;
INSERT INTO visitors (created_date, created_user, last_updated_date, last_updated_user, birth_date, doc_number, doc_type, is_active, lastname, name, active) VALUES
                                                                                                                                                                 (NOW(), 1, NOW(), 1, '1990-01-01', 12345678, 'DNI', 1, 'Smith', 'John', 1),
                                                                                                                                                                 (NOW(), 2, NOW(), 2, '1985-05-12', 23456789, 'CUIL', 1, 'Doe', 'Jane', 1),
                                                                                                                                                                 (NOW(), 3, NOW(), 3, '1978-09-23', 34567890, 'CUIT', 1, 'Brown', 'Charlie', 1),
                                                                                                                                                                 (NOW(), 4, NOW(), 4, '1995-02-15', 45678901, 'PASSPORT', 1, 'Johnson', 'Alice', 1),
                                                                                                                                                                 (NOW(), 5, NOW(), 5, '2000-11-30', 56789012, 'DNI', 1, 'Wilson', 'Bob', 1),
                                                                                                                                                                 (NOW(), 6, NOW(), 6, '1993-06-17', 67890123, 'CUIT', 1, 'Lee', 'Emily', 1),
                                                                                                                                                                 (NOW(), 7, NOW(), 7, '1980-12-08', 78901234, 'PASSPORT', 1, 'Taylor', 'Michael', 1),
                                                                                                                                                                 (NOW(), 8, NOW(), 8, '1998-03-25', 89012345, 'DNI', 1, 'Anderson', 'Chris', 1),
                                                                                                                                                                 (NOW(), 9, NOW(), 9, '1991-07-19', 90123456, 'CUIL', 1, 'Thomas', 'Sarah', 1),
                                                                                                                                                                 (NOW(), 10, NOW(), 10, '1983-04-10', 10123457, 'CUIT', 1, 'Moore', 'David', 1);

INSERT INTO auths (id, created_date, created_user, last_updated_date, last_updated_user, external_id, is_active, plot_id, visitor_type, visitor_id) VALUES
                                                                                                                                                        (1, NOW(), 1, NOW(), 1, 1001, 1, 1, 'EMPLOYEE', 1),
                                                                                                                                                        (2, NOW(), 2, NOW(), 2, 1002, 1, 1, 'VISITOR', 2),
                                                                                                                                                        (3, NOW(), 3, NOW(), 3, 1003, 1, 2, 'COHABITANT', 3),
                                                                                                                                                        (4, NOW(), 4, NOW(), 4, 1004, 1, 3, 'OWNER', 4),
                                                                                                                                                        (5, NOW(), 5, NOW(), 5, 1005, 1, 4, 'WORKER', 5),
                                                                                                                                                        (6, NOW(), 6, NOW(), 6, 1006, 1, 5, 'PROVIDER', 6),
                                                                                                                                                        (7, NOW(), 7, NOW(), 7, 1007, 1, 6, 'PROVIDER_ORGANIZATION', 7),
                                                                                                                                                        (8, NOW(), 8, NOW(), 8, 1008, 1, 7, 'EMERGENCY', 8),
                                                                                                                                                        (9, NOW(), 9, NOW(), 9, 1009, 1, 8, 'VISITOR', 9),
                                                                                                                                                        (10, NOW(), 10, NOW(), 10, 1010, 1, 9, 'EMPLOYEE', 10);

INSERT INTO auth_ranges (id, created_date, created_user, last_updated_date, last_updated_user, comment, date_from, date_to, days, hour_from, hour_to, is_active, auth_id) VALUES
                                                                                                                                                                              (1, NOW(), 1, NOW(), 1, 'Acceso para empleado', CURDATE(), CURDATE() + INTERVAL 30 DAY, 'MONDAY,TUESDAY', '08:00:00', '17:00:00', 1, 1),
                                                                                                                                                                              (2, NOW(), 2, NOW(), 2, 'Acceso para visitante', CURDATE(), CURDATE() + INTERVAL 30 DAY, 'WEDNESDAY,THURSDAY', '09:00:00', '16:00:00', 1, 2),
                                                                                                                                                                              (3, NOW(), 3, NOW(), 3, 'Servicios de emergencia', CURDATE(), CURDATE() + INTERVAL 15 DAY, 'FRIDAY', '10:00:00', '15:00:00', 1, 3),
                                                                                                                                                                              (4, NOW(), 4, NOW(), 4, 'Acceso para propietario', CURDATE(), CURDATE() + INTERVAL 60 DAY, 'SATURDAY,SUNDAY', '08:30:00', '17:30:00', 1, 4),
                                                                                                                                                                              (5, NOW(), 5, NOW(), 5, 'Turno de trabajador', CURDATE(), CURDATE() + INTERVAL 20 DAY, 'MONDAY,WEDNESDAY', '07:00:00', '19:00:00', 1, 5),
                                                                                                                                                                              (6, NOW(), 6, NOW(), 6, 'Acceso para proveedor', CURDATE(), CURDATE() + INTERVAL 10 DAY, 'TUESDAY', '09:00:00', '17:00:00', 1, 6),
                                                                                                                                                                              (7, NOW(), 7, NOW(), 7, 'Visita organizacional', CURDATE(), CURDATE() + INTERVAL 45 DAY, 'THURSDAY', '08:00:00', '18:00:00', 1, 7),
                                                                                                                                                                              (8, NOW(), 8, NOW(), 8, 'Respuesta de emergencia', CURDATE(), CURDATE() + INTERVAL 90 DAY, 'FRIDAY,SATURDAY', '10:00:00', '14:00:00', 1, 8),
                                                                                                                                                                              (9, NOW(), 9, NOW(), 9, 'Protocolo de visitante', CURDATE(), CURDATE() + INTERVAL 30 DAY, 'SUNDAY', '11:00:00', '15:00:00', 1, 9),
                                                                                                                                                                              (10, NOW(), 10, NOW(), 10, 'Entrenamiento de empleado', CURDATE(), CURDATE() + INTERVAL 20 DAY, 'MONDAY', '08:00:00', '17:00:00', 1, 10);

INSERT INTO accesses (id, created_date, created_user, last_updated_date, last_updated_user, action, action_date, comments, plot_id, supplier_employee_id, vehicle_description, vehicle_reg, vehicle_type, auth_id) VALUES
                                                                                                                                                                                                                       (1, NOW(), 1, NOW(), 1, 'ENTRY', NOW(), 'Primera entrada', 1, 1, 'Toyota Corolla', 'ABC123', 'CAR', 1),
                                                                                                                                                                                                                       (2, NOW(), 2, NOW(), 2, 'EXIT', NOW(), 'Primera salida', 1, 2, 'Honda Civic', 'DEF456', 'CAR', 2),
                                                                                                                                                                                                                       (3, NOW(), 3, NOW(), 3, 'ENTRY', NOW(), 'Entrada de visitante', 2, 1, 'Kawasaki Ninja', 'GHI789', 'MOTORBIKE', 3),
                                                                                                                                                                                                                       (4, NOW(), 4, NOW(), 4, 'EXIT', NOW(), 'Salida del propietario', 2, 2, 'Chevrolet Silverado', 'JKL012', 'PICKUP', 4),
                                                                                                                                                                                                                       (5, NOW(), 5, NOW(), 5, 'ENTRY', NOW(), 'Entrada de trabajador', 3, 1, 'Ford F-150', 'MNO345', 'TRUCK', 5),
                                                                                                                                                                                                                       (6, NOW(), 6, NOW(), 6, 'EXIT', NOW(), 'Salida de proveedor', 3, 2, 'Yamaha MT-07', 'PQR678', 'MOTORBIKE', 6),
                                                                                                                                                                                                                       (7, NOW(), 7, NOW(), 7, 'ENTRY', NOW(), 'Entrada organizacional', 4, 1, 'Subaru Outback', 'STU901', 'CAR', 7),
                                                                                                                                                                                                                       (8, NOW(), 8, NOW(), 8, 'EXIT', NOW(), 'Salida de emergencia', 4, 2, 'Dodge Ram', 'VWX234', 'TRUCK', 8),
                                                                                                                                                                                                                       (9, NOW(), 9, NOW(), 9, 'ENTRY', NOW(), 'Salida de visitante', 5, 1, 'Nissan Altima', 'YZA567', 'CAR', 9),
                                                                                                                                                                                                                       (10, NOW(), 10, NOW(), 10, 'EXIT', NOW(), 'Salida de entrenamiento', 5, 2, 'BMW X5', 'BCD890', 'CAR', 10);
